OID_,Join_Count,TARGET_FID,Unique_ID,Lat,Long,Date,Site_name,Date_1,Sex,L_HW_mm,L_FW_mm,Total_Length_mm,Metathoracic_Femur_Length_mm,F___12,Metathoracic_Femur_Length_mm_1,OBJECTID_1,HUC_8,HUC_10,HUC_12,ACRES,NCONTRB_A,HU_10_GNIS,HU_12_GNIS,HU_10_NAME,HU_10_MOD,HU_10_TYPE,HU_12_DS,HU_12_NAME,HU_12_MOD,HU_12_TYPE,META_ID,STATES,GlobalID,SHAPE_Leng,GAZ_ID
1,1,1,F-116,30.583428999999999,-84.880913000000007,26061,FL: Gadsden Co.,Crooked Creek at Hwy S-270,male,28.45,27.94,44.350000000000001,7.12,NA,,230441,03130011,0313001102,031300110203,17935.344548500001110,0.000000000000000, , ,Apalachicola River-Spring Branch,NM,S,031300110201,Lower Flat Creek-Apalachicola River,NM,S,FL01,FL,{9817EAB9-7729-46ED-B48E-72CD3BD88453},0.481553649742000,-449463
2,1,2,F-17,30.583428999999999,-84.880913000000007,26405,FL: Gadsden Co.,Crooked Creek; Hwy 12,male,26.07,27.38,43.219999999999999,8.63,NA,,230441,03130011,0313001102,031300110203,17935.344548500001110,0.000000000000000, , ,Apalachicola River-Spring Branch,NM,S,031300110201,Lower Flat Creek-Apalachicola River,NM,S,FL01,FL,{9817EAB9-7729-46ED-B48E-72CD3BD88453},0.481553649742000,-449463
3,1,3,F-18,30.583428999999999,-84.880913000000007,26405,FL: Gadsden Co.,Crooked Creek; Hwy 12,male,25.02,27.13,43.320000000000000,8.24,NA,,230441,03130011,0313001102,031300110203,17935.344548500001110,0.000000000000000, , ,Apalachicola River-Spring Branch,NM,S,031300110201,Lower Flat Creek-Apalachicola River,NM,S,FL01,FL,{9817EAB9-7729-46ED-B48E-72CD3BD88453},0.481553649742000,-449463
4,1,4,F-05,30.486170000000001,-87.246015000000000,26726,FL: Escambia Co.,Pensacola,male,24,24.7,40.149999999999999,6.57,NA,,173361,03140105,0314010504,031401050401,25754.409760999998980,0.000000000000000, , ,Bayou Texar-Bayou Garcon Frontal,NM,F,031401050500,Graveyard Branch-Bayou Texar Frontal,NM,F,FL01,FL,{6B3E1296-CA38-4EC6-A28B-4536D0B24F97},0.582325547881000,-447991
5,1,5,F-102,30.790854000000000,-86.792668000000006,26743,FL: Santa Rosa Co.,Middle Creek near Holt Fish Hatchery; (nymph collected 3-15-73),male,23.37,24.64,39.859999999999999,6.69,NA,,174664,03140104,0314010402,031401040203,23052.565763899998274,0.000000000000000, , ,Blackwater River,NM,S,031401040204,Beaver Creek,NM,S,AL08,FL,{1D6645DB-C9DE-4C08-ACC5-A2055621DCD4},0.535525934021000,-448523
6,1,6,F-22,30.786565000000000,-86.797668999999999,26746,FL: Santa Rosa Co.,Blackwater River SF: Lighter Knot Creek,male,22.43,24.71,39.070000000000000,6.33,NA,,174664,03140104,0314010402,031401040203,23052.565763899998274,0.000000000000000, , ,Blackwater River,NM,S,031401040204,Beaver Creek,NM,S,AL08,FL,{1D6645DB-C9DE-4C08-ACC5-A2055621DCD4},0.535525934021000,-448523
7,1,7,F-23,30.790854000000000,-86.792668000000006,26761,FL: Santa Rosa Co.,Blackwater River SF: Middle Creek,male,22.03,24.67,39.189999999999998,7.52,NA,,174664,03140104,0314010402,031401040203,23052.565763899998274,0.000000000000000, , ,Blackwater River,NM,S,031401040204,Beaver Creek,NM,S,AL08,FL,{1D6645DB-C9DE-4C08-ACC5-A2055621DCD4},0.535525934021000,-448523
8,1,8,F-69,30.790854000000000,-86.792668000000006,26766,FL: Santa Rosa Co.,Middle Creek: Blackwater River SF; (nymph collected 3/16/73),female,25.04,27.14,40.130000000000003,7.02,NA,,174664,03140104,0314010402,031401040203,23052.565763899998274,0.000000000000000, , ,Blackwater River,NM,S,031401040204,Beaver Creek,NM,S,AL08,FL,{1D6645DB-C9DE-4C08-ACC5-A2055621DCD4},0.535525934021000,-448523
9,1,9,F-70,30.790854000000000,-86.792668000000006,26766,FL: Santa Rosa Co.,Middle Creek: Blackwater River SF; (nymph collected 3/16/73),female,23.2,25.82,40.520000000000003,7.91,NA,,174664,03140104,0314010402,031401040203,23052.565763899998274,0.000000000000000, , ,Blackwater River,NM,S,031401040204,Beaver Creek,NM,S,AL08,FL,{1D6645DB-C9DE-4C08-ACC5-A2055621DCD4},0.535525934021000,-448523
10,1,10,F-21,30.790854000000000,-86.792668000000006,26769,FL: Santa Rosa Co.,Blackwater River SF: Middle Creek,male,23.86,25.69,37.530000000000001,8.66,NA,,174664,03140104,0314010402,031401040203,23052.565763899998274,0.000000000000000, , ,Blackwater River,NM,S,031401040204,Beaver Creek,NM,S,AL08,FL,{1D6645DB-C9DE-4C08-ACC5-A2055621DCD4},0.535525934021000,-448523
11,1,11,F-06,30.680869000000001,-87.131867999999997,26800,FL: Santa Rosa Co.,Pond Creek at S-191 NW of Milton,male,23.81,25.49,41.850000000000001,6.88,NA,,174646,03140104,0314010405,031401040502,30968.872870100000000,0.000000000000000, , ,Pond Creek-Blackwater River,NM,S,031401040503,Lower Pond Creek-Blackwater River,NM,S,AL08,FL,{37A931C2-96A6-4BC2-8852-5912BC637E7B},0.669883121917000,-448505
12,1,12,F-103,30.680869000000001,-87.131867999999997,26800,FL: Santa Rosa Co.,Pond Creek at S-191 NW of Milton,male,24.8,26.05,40.280000000000001,6.38,NA,,174646,03140104,0314010405,031401040502,30968.872870100000000,0.000000000000000, , ,Pond Creek-Blackwater River,NM,S,031401040503,Lower Pond Creek-Blackwater River,NM,S,AL08,FL,{37A931C2-96A6-4BC2-8852-5912BC637E7B},0.669883121917000,-448505
13,1,13,F-104,30.680869000000001,-87.131867999999997,26800,FL: Santa Rosa Co.,Pond Creek at S-191 NW of Milton,male,23.15,24.83,40.320000000000000,6.53,NA,,174646,03140104,0314010405,031401040502,30968.872870100000000,0.000000000000000, , ,Pond Creek-Blackwater River,NM,S,031401040503,Lower Pond Creek-Blackwater River,NM,S,AL08,FL,{37A931C2-96A6-4BC2-8852-5912BC637E7B},0.669883121917000,-448505
14,1,14,F-106,30.680869000000001,-87.131867999999997,26800,FL: Santa Rosa Co.,Pond Creek at S-191 NW of Milton,male,24.18,25.17,41.100000000000001,6.59,NA,,174646,03140104,0314010405,031401040502,30968.872870100000000,0.000000000000000, , ,Pond Creek-Blackwater River,NM,S,031401040503,Lower Pond Creek-Blackwater River,NM,S,AL08,FL,{37A931C2-96A6-4BC2-8852-5912BC637E7B},0.669883121917000,-448505
15,1,15,F-108,30.680869000000001,-87.131867999999997,26800,FL: Santa Rosa Co.,Pond Creek at S-191 NW of Milton,male,24.57,25.92,41.049999999999997,6.66,NA,,174646,03140104,0314010405,031401040502,30968.872870100000000,0.000000000000000, , ,Pond Creek-Blackwater River,NM,S,031401040503,Lower Pond Creek-Blackwater River,NM,S,AL08,FL,{37A931C2-96A6-4BC2-8852-5912BC637E7B},0.669883121917000,-448505
16,1,16,F-109,30.680869000000001,-87.131867999999997,26800,FL: Santa Rosa Co.,Pond Creek at S-191 NW of Milton,male,24.78,26.76,40.909999999999997,6.84,NA,,174646,03140104,0314010405,031401040502,30968.872870100000000,0.000000000000000, , ,Pond Creek-Blackwater River,NM,S,031401040503,Lower Pond Creek-Blackwater River,NM,S,AL08,FL,{37A931C2-96A6-4BC2-8852-5912BC637E7B},0.669883121917000,-448505
17,1,17,F-110,30.680869000000001,-87.131867999999997,26800,FL: Santa Rosa Co.,Pond Creek at S-191 NW of Milton,male,22.41,24.12,40.450000000000003,6.29,NA,,174646,03140104,0314010405,031401040502,30968.872870100000000,0.000000000000000, , ,Pond Creek-Blackwater River,NM,S,031401040503,Lower Pond Creek-Blackwater River,NM,S,AL08,FL,{37A931C2-96A6-4BC2-8852-5912BC637E7B},0.669883121917000,-448505
18,1,18,F-111,30.680869000000001,-87.131867999999997,26800,FL: Santa Rosa Co.,Pond Creek at S-191 NW of Milton,male,23.21,24.81,40.009999999999998,6.53,NA,,174646,03140104,0314010405,031401040502,30968.872870100000000,0.000000000000000, , ,Pond Creek-Blackwater River,NM,S,031401040503,Lower Pond Creek-Blackwater River,NM,S,AL08,FL,{37A931C2-96A6-4BC2-8852-5912BC637E7B},0.669883121917000,-448505
19,1,19,F-119,30.680869000000001,-87.131867999999997,26800,FL: Santa Rosa Co.,Pond Creek at S-191 NW of Milton,male,23.67,24.32,41.250000000000000,8.07,NA,,174646,03140104,0314010405,031401040502,30968.872870100000000,0.000000000000000, , ,Pond Creek-Blackwater River,NM,S,031401040503,Lower Pond Creek-Blackwater River,NM,S,AL08,FL,{37A931C2-96A6-4BC2-8852-5912BC637E7B},0.669883121917000,-448505
20,1,20,F-120,30.680869000000001,-87.131867999999997,26800,FL: Santa Rosa Co.,Pond Creek at S-191 NW of Milton,male,23.93,25.06,40.729999999999997,8.29,NA,,174646,03140104,0314010405,031401040502,30968.872870100000000,0.000000000000000, , ,Pond Creek-Blackwater River,NM,S,031401040503,Lower Pond Creek-Blackwater River,NM,S,AL08,FL,{37A931C2-96A6-4BC2-8852-5912BC637E7B},0.669883121917000,-448505
21,1,21,F-121,30.680869000000001,-87.131867999999997,26800,FL: Santa Rosa Co.,Pond Creek at S-191 NW of Milton,male,22.61,24.83,39.560000000000002,7.69,NA,,174646,03140104,0314010405,031401040502,30968.872870100000000,0.000000000000000, , ,Pond Creek-Blackwater River,NM,S,031401040503,Lower Pond Creek-Blackwater River,NM,S,AL08,FL,{37A931C2-96A6-4BC2-8852-5912BC637E7B},0.669883121917000,-448505
22,1,22,F-28,30.680869000000001,-87.131867999999997,26800,FL: Santa Rosa Co.,Pond Cr. At S-191 NW of Milton,female,25.73,27.79,42.140000000000001,7.08,NA,,174646,03140104,0314010405,031401040502,30968.872870100000000,0.000000000000000, , ,Pond Creek-Blackwater River,NM,S,031401040503,Lower Pond Creek-Blackwater River,NM,S,AL08,FL,{37A931C2-96A6-4BC2-8852-5912BC637E7B},0.669883121917000,-448505
23,1,23,F-29,30.680869000000001,-87.131867999999997,26800,FL: Santa Rosa Co.,Pond Cr. At S-191 NW of Milton,female,25.68,27.53,42.670000000000002,7.25,NA,,174646,03140104,0314010405,031401040502,30968.872870100000000,0.000000000000000, , ,Pond Creek-Blackwater River,NM,S,031401040503,Lower Pond Creek-Blackwater River,NM,S,AL08,FL,{37A931C2-96A6-4BC2-8852-5912BC637E7B},0.669883121917000,-448505
24,1,24,F-61,30.680869000000001,-87.131867999999997,26800,FL: Santa Rosa Co.,Pond Creek at S-191 NW of Milton,male,22.56,23.96,40.869999999999997,6.53,NA,,174646,03140104,0314010405,031401040502,30968.872870100000000,0.000000000000000, , ,Pond Creek-Blackwater River,NM,S,031401040503,Lower Pond Creek-Blackwater River,NM,S,AL08,FL,{37A931C2-96A6-4BC2-8852-5912BC637E7B},0.669883121917000,-448505
25,1,25,F-64,30.680869000000001,-87.131867999999997,26800,FL: Santa Rosa Co.,Pond Creek at S-191 NW of Milton,male,24.27,25.6,40.280000000000001,6.19,NA,,174646,03140104,0314010405,031401040502,30968.872870100000000,0.000000000000000, , ,Pond Creek-Blackwater River,NM,S,031401040503,Lower Pond Creek-Blackwater River,NM,S,AL08,FL,{37A931C2-96A6-4BC2-8852-5912BC637E7B},0.669883121917000,-448505
26,1,26,F-65,30.680869000000001,-87.131867999999997,26800,FL: Santa Rosa Co.,Pond Creek at S-191 NW of Milton,male,22.94,24.15,40.259999999999998,6.27,NA,,174646,03140104,0314010405,031401040502,30968.872870100000000,0.000000000000000, , ,Pond Creek-Blackwater River,NM,S,031401040503,Lower Pond Creek-Blackwater River,NM,S,AL08,FL,{37A931C2-96A6-4BC2-8852-5912BC637E7B},0.669883121917000,-448505
27,1,27,F-67,30.680869000000001,-87.131867999999997,26800,FL: Santa Rosa Co.,Pond Creek at S-191 NW of Milton,male,23.63,24.98,40.340000000000003,6.5,NA,,174646,03140104,0314010405,031401040502,30968.872870100000000,0.000000000000000, , ,Pond Creek-Blackwater River,NM,S,031401040503,Lower Pond Creek-Blackwater River,NM,S,AL08,FL,{37A931C2-96A6-4BC2-8852-5912BC637E7B},0.669883121917000,-448505
28,1,28,F-95,30.680869000000001,-87.131867999999997,26800,FL: Santa Rosa Co.,Pond Creek at S-191 NW of Milton,female,25.91,27.28,41.979999999999997,6.84,NA,,174646,03140104,0314010405,031401040502,30968.872870100000000,0.000000000000000, , ,Pond Creek-Blackwater River,NM,S,031401040503,Lower Pond Creek-Blackwater River,NM,S,AL08,FL,{37A931C2-96A6-4BC2-8852-5912BC637E7B},0.669883121917000,-448505
29,1,29,F-96,30.680869000000001,-87.131867999999997,26800,FL: Santa Rosa Co.,Pond Creek at S-191 NW of Milton,male,24.16,26.4,41.560000000000002,7.35,NA,,174646,03140104,0314010405,031401040502,30968.872870100000000,0.000000000000000, , ,Pond Creek-Blackwater River,NM,S,031401040503,Lower Pond Creek-Blackwater River,NM,S,AL08,FL,{37A931C2-96A6-4BC2-8852-5912BC637E7B},0.669883121917000,-448505
30,1,30,F-09,30.426304999999999,-85.295137999999994,26810,FL: Calhoun Co.,Juniper Creek at Hwy 20,male,21.35,22.75,37.380000000000003,7.31,NA,,230518,03130012,0313001205,031300120505,36414.688517800001136,0.000000000000000, , ,Tenmile Creek-Chipola River,NM,S,031300120504,Juniper Creek-Chipola River,NM,S,FL01,FL,{3717A947-394D-4E8A-8A03-05F6FB9CB61A},0.892268555881000,-449540
31,1,31,F-10,30.426304999999999,-85.295137999999994,26810,FL: Calhoun Co.,Juniper Creek at Hwy 20,male,21.93,23.54,37.119999999999997,7.19,NA,,230518,03130012,0313001205,031300120505,36414.688517800001136,0.000000000000000, , ,Tenmile Creek-Chipola River,NM,S,031300120504,Juniper Creek-Chipola River,NM,S,FL01,FL,{3717A947-394D-4E8A-8A03-05F6FB9CB61A},0.892268555881000,-449540
32,1,32,F-11,30.426304999999999,-85.295137999999994,26810,FL: Calhoun Co.,Juniper Creek at Hwy 20,female,23.1,24.28,38.509999999999998,7.13,NA,,230518,03130012,0313001205,031300120505,36414.688517800001136,0.000000000000000, , ,Tenmile Creek-Chipola River,NM,S,031300120504,Juniper Creek-Chipola River,NM,S,FL01,FL,{3717A947-394D-4E8A-8A03-05F6FB9CB61A},0.892268555881000,-449540
33,1,33,F-12,30.426304999999999,-85.295137999999994,26810,FL: Calhoun Co.,Juniper Creek at Hwy 20,male,21.74,23.22,36.100000000000001,7.08,NA,,230518,03130012,0313001205,031300120505,36414.688517800001136,0.000000000000000, , ,Tenmile Creek-Chipola River,NM,S,031300120504,Juniper Creek-Chipola River,NM,S,FL01,FL,{3717A947-394D-4E8A-8A03-05F6FB9CB61A},0.892268555881000,-449540
34,1,34,F-81,30.426304999999999,-85.295137999999994,26810,FL: Calhoun Co.,Juniper Creek at Route 20,female,23.38,24.36,38.850000000000001,7.17,NA,,230518,03130012,0313001205,031300120505,36414.688517800001136,0.000000000000000, , ,Tenmile Creek-Chipola River,NM,S,031300120504,Juniper Creek-Chipola River,NM,S,FL01,FL,{3717A947-394D-4E8A-8A03-05F6FB9CB61A},0.892268555881000,-449540
35,1,35,F-94,30.426304999999999,-85.295137999999994,26810,FL: Calhoun Co.,Juniper Creek at Hwy 20,female,24.03,25.77,38.680000000000000,6.41,NA,,230518,03130012,0313001205,031300120505,36414.688517800001136,0.000000000000000, , ,Tenmile Creek-Chipola River,NM,S,031300120504,Juniper Creek-Chipola River,NM,S,FL01,FL,{3717A947-394D-4E8A-8A03-05F6FB9CB61A},0.892268555881000,-449540
36,1,36,F-27,30.525044999999999,-84.969880000000003,26810,FL: Liberty Co.,Sweetwater Creek and Route 270,male,26.86,28.76,44.229999999999997,7.44,NA,,230458,03130011,0313001104,031300110402,10932.775961699999243,0.000000000000000, , ,Stafford Creek-Apalachicola River,NM,S,031300110404,Sweetwater Creek-Apalachicola River,NM,S,FL01,FL,{868DD2A9-52C0-4E90-991B-407D9606E844},0.316140766217000,-449480
37,1,37,F-19,30.583428999999999,-84.880913000000007,26811,FL: Gadsden Co.,Crooked Creek; Hwy 12,female,27.69,29.78,45.390000000000001,8.32,NA,,230441,03130011,0313001102,031300110203,17935.344548500001110,0.000000000000000, , ,Apalachicola River-Spring Branch,NM,S,031300110201,Lower Flat Creek-Apalachicola River,NM,S,FL01,FL,{9817EAB9-7729-46ED-B48E-72CD3BD88453},0.481553649742000,-449463
38,1,38,F-20,30.583428999999999,-84.880913000000007,26812,FL: Gadsden Co.,Crooked Creek; Hwy 12,male,25.78,28.06,43.780000000000001,7.97,NA,,230441,03130011,0313001102,031300110203,17935.344548500001110,0.000000000000000, , ,Apalachicola River-Spring Branch,NM,S,031300110201,Lower Flat Creek-Apalachicola River,NM,S,FL01,FL,{9817EAB9-7729-46ED-B48E-72CD3BD88453},0.481553649742000,-449463
39,1,39,F-13,30.426304999999999,-85.295137999999994,26827,FL: Calhoun Co.,Juniper Creek at Hwy 20,female,24.21,25.57,38.820000000000000,7.27,NA,,230518,03130012,0313001205,031300120505,36414.688517800001136,0.000000000000000, , ,Tenmile Creek-Chipola River,NM,S,031300120504,Juniper Creek-Chipola River,NM,S,FL01,FL,{3717A947-394D-4E8A-8A03-05F6FB9CB61A},0.892268555881000,-449540
40,1,40,F-71,30.719040000000000,-86.809068999999994,27103,FL: Santa Rosa Co.,Creek near Riley's Landing; Blackwater River SF,male,23.06,24.2,40.820000000000000,7.58,NA,,174647,03140104,0314010402,031401040205,22464.877215000000433,0.000000000000000, , ,Blackwater River,NM,S,031401040304,Ninemile Creek-Blackwater River,NM,S,AL08,FL,{182D5BE4-240E-48AE-827E-8B91C2724DAD},0.501062969132000,-448506
41,1,41,F-66,30.652519000000002,-86.805443999999994,27103,FL: Santa Rosa Co.,Carr Lake,male,22.93,24.78,39.240000000000002,6.43,NA,,174634,03140103,0314010308,031401030803,22836.653830300001573,0.000000000000000, , ,Lower Yellow River,NM,S,031401030804,Milligan Creek-Yellow Creek,NM,S,AL08,FL,{D2F8CD58-E700-40CE-B346-D14282C3EC2C},0.496639735838000,-448493
42,1,42,F-02,30.680869000000001,-87.131867999999997,27104,FL: Santa Rosa Co.,Pond Creek ~4 mi North of Route  191 bridge,male,24.37,25.47,38.600000000000001,6.49,NA,,174646,03140104,0314010405,031401040502,30968.872870100000000,0.000000000000000, , ,Pond Creek-Blackwater River,NM,S,031401040503,Lower Pond Creek-Blackwater River,NM,S,AL08,FL,{37A931C2-96A6-4BC2-8852-5912BC637E7B},0.669883121917000,-448505
43,1,43,F-54,30.719040000000000,-86.809068999999994,27105,FL: Santa Rosa Co.,Blackwater River SF: Creek near Riley's Landing,male,23.96,25.92,39.170000000000002,6.39,NA,,174647,03140104,0314010402,031401040205,22464.877215000000433,0.000000000000000, , ,Blackwater River,NM,S,031401040304,Ninemile Creek-Blackwater River,NM,S,AL08,FL,{182D5BE4-240E-48AE-827E-8B91C2724DAD},0.501062969132000,-448506
44,1,44,F-55,30.719040000000000,-86.809068999999994,27105,FL: Santa Rosa Co.,Blackwater River SF: Creek near Riley's Landing,female,25.48,26.88,40.210000000000001,6.6,NA,,174647,03140104,0314010402,031401040205,22464.877215000000433,0.000000000000000, , ,Blackwater River,NM,S,031401040304,Ninemile Creek-Blackwater River,NM,S,AL08,FL,{182D5BE4-240E-48AE-827E-8B91C2724DAD},0.501062969132000,-448506
45,1,45,F-56,30.719040000000000,-86.809068999999994,27105,FL: Santa Rosa Co.,Blackwater River SF: Creek near Riley's Landing,female,25.64,27.35,40.829999999999998,6.74,NA,,174647,03140104,0314010402,031401040205,22464.877215000000433,0.000000000000000, , ,Blackwater River,NM,S,031401040304,Ninemile Creek-Blackwater River,NM,S,AL08,FL,{182D5BE4-240E-48AE-827E-8B91C2724DAD},0.501062969132000,-448506
46,1,46,F-72,30.719040000000000,-86.809068999999994,27105,FL: Santa Rosa Co.,Creek near Riley's Landing; Blackwater River SF,male,23.59,24.4,40.009999999999998,7.19,NA,,174647,03140104,0314010402,031401040205,22464.877215000000433,0.000000000000000, , ,Blackwater River,NM,S,031401040304,Ninemile Creek-Blackwater River,NM,S,AL08,FL,{182D5BE4-240E-48AE-827E-8B91C2724DAD},0.501062969132000,-448506
47,1,47,F-73,30.719040000000000,-86.809068999999994,27105,FL: Santa Rosa Co.,Creek near Riley's Landing; Blackwater River SF,male,22.89,24.98,36.090000000000003,7.14,NA,,174647,03140104,0314010402,031401040205,22464.877215000000433,0.000000000000000, , ,Blackwater River,NM,S,031401040304,Ninemile Creek-Blackwater River,NM,S,AL08,FL,{182D5BE4-240E-48AE-827E-8B91C2724DAD},0.501062969132000,-448506
48,1,48,F-101,30.731188000000000,-86.801224000000005,27105,FL: Santa Rosa Co.,Riley's Spring Branch near Holt Fish Hatchery,male,23.08,24.42,38.100000000000001,6.23,NA,,174647,03140104,0314010402,031401040205,22464.877215000000433,0.000000000000000, , ,Blackwater River,NM,S,031401040304,Ninemile Creek-Blackwater River,NM,S,AL08,FL,{182D5BE4-240E-48AE-827E-8B91C2724DAD},0.501062969132000,-448506
49,1,49,F-30,30.737445000000001,-86.835058000000004,27124,FL: Santa Rosa Co.,Shingle Branch,male,23.14,25.26,39.119999999999997,6.38,NA,,174647,03140104,0314010402,031401040205,22464.877215000000433,0.000000000000000, , ,Blackwater River,NM,S,031401040304,Ninemile Creek-Blackwater River,NM,S,AL08,FL,{182D5BE4-240E-48AE-827E-8B91C2724DAD},0.501062969132000,-448506
50,1,50,F-31,30.737445000000001,-86.835058000000004,27124,FL: Santa Rosa Co.,Shingle Branch,female,26.36,27.48,41.049999999999997,7.06,NA,,174647,03140104,0314010402,031401040205,22464.877215000000433,0.000000000000000, , ,Blackwater River,NM,S,031401040304,Ninemile Creek-Blackwater River,NM,S,AL08,FL,{182D5BE4-240E-48AE-827E-8B91C2724DAD},0.501062969132000,-448506
51,1,51,F-32,30.737445000000001,-86.835058000000004,27124,FL: Santa Rosa Co.,Shingle Branch,male,23.66,24.96,40.539999999999999,6.63,NA,,174647,03140104,0314010402,031401040205,22464.877215000000433,0.000000000000000, , ,Blackwater River,NM,S,031401040304,Ninemile Creek-Blackwater River,NM,S,AL08,FL,{182D5BE4-240E-48AE-827E-8B91C2724DAD},0.501062969132000,-448506
52,1,52,F-68,30.737445000000001,-86.835058000000004,27124,FL: Santa Rosa Co.,Shingle Branch,male,23.36,25.33,40.329999999999998,6.26,NA,,174647,03140104,0314010402,031401040205,22464.877215000000433,0.000000000000000, , ,Blackwater River,NM,S,031401040304,Ninemile Creek-Blackwater River,NM,S,AL08,FL,{182D5BE4-240E-48AE-827E-8B91C2724DAD},0.501062969132000,-448506
53,1,53,F-84,30.737445000000001,-86.835058000000004,27124,FL: Santa Rosa Co.,Shingle Branch,female,26.24,27.93,41.560000000000002,6.79,NA,,174647,03140104,0314010402,031401040205,22464.877215000000433,0.000000000000000, , ,Blackwater River,NM,S,031401040304,Ninemile Creek-Blackwater River,NM,S,AL08,FL,{182D5BE4-240E-48AE-827E-8B91C2724DAD},0.501062969132000,-448506
54,1,54,F-46,30.731188000000000,-86.801224000000005,27124,FL: Santa Rosa Co.,Riley Spring Branch,female,25.87,24.89,39.869999999999997,6.89,NA,,174647,03140104,0314010402,031401040205,22464.877215000000433,0.000000000000000, , ,Blackwater River,NM,S,031401040304,Ninemile Creek-Blackwater River,NM,S,AL08,FL,{182D5BE4-240E-48AE-827E-8B91C2724DAD},0.501062969132000,-448506
55,1,55,F-47,30.731188000000000,-86.801224000000005,27124,FL: Santa Rosa Co.,Riley Spring Branch,male,23.89,25.69,39.399999999999999,7.25,NA,,174647,03140104,0314010402,031401040205,22464.877215000000433,0.000000000000000, , ,Blackwater River,NM,S,031401040304,Ninemile Creek-Blackwater River,NM,S,AL08,FL,{182D5BE4-240E-48AE-827E-8B91C2724DAD},0.501062969132000,-448506
56,1,56,F-44,30.426304999999999,-85.295137999999994,27138,FL: Calhoun Co.,Juniper Creek at Hwy 20,male,22.03,23.09,37.409999999999997,6.76,NA,,230518,03130012,0313001205,031300120505,36414.688517800001136,0.000000000000000, , ,Tenmile Creek-Chipola River,NM,S,031300120504,Juniper Creek-Chipola River,NM,S,FL01,FL,{3717A947-394D-4E8A-8A03-05F6FB9CB61A},0.892268555881000,-449540
57,1,57,F-45,30.426304999999999,-85.295137999999994,27138,FL: Calhoun Co.,Juniper Creek at Hwy 20,female,23.01,24.54,39.090000000000003,6.29,NA,,230518,03130012,0313001205,031300120505,36414.688517800001136,0.000000000000000, , ,Tenmile Creek-Chipola River,NM,S,031300120504,Juniper Creek-Chipola River,NM,S,FL01,FL,{3717A947-394D-4E8A-8A03-05F6FB9CB61A},0.892268555881000,-449540
58,1,58,F-57,30.680869000000001,-87.131867999999997,27554,FL: Santa Rosa Co.,"Pond Creek, Hwy 191",male,24.14,25.33,38.600000000000001,6.55,NA,,174646,03140104,0314010405,031401040502,30968.872870100000000,0.000000000000000, , ,Pond Creek-Blackwater River,NM,S,031401040503,Lower Pond Creek-Blackwater River,NM,S,AL08,FL,{37A931C2-96A6-4BC2-8852-5912BC637E7B},0.669883121917000,-448505
59,1,59,F-133,30.779164000000002,-87.170148999999995,28937,FL: Santa Rosa Co.,Pond Creek at Route 182,female,24.68,27.25,40.759999999999998,7.5,NA,,174661,03140104,0314010405,031401040501,31384.542962300001818,0.000000000000000, , ,Pond Creek-Blackwater River,NM,S,031401040502,Upper Pond Creek-Blackwater River,NM,S,AL08,FL,{AD3E8AC1-CF2C-42D1-AC78-6E0AE536897B},0.586818376938000,-448520
60,1,60,F-134,30.779164000000002,-87.170148999999995,28937,FL: Santa Rosa Co.,Pond Creek at Route 182,male,24.16,25.5,40.890000000000001,7.15,NA,,174661,03140104,0314010405,031401040501,31384.542962300001818,0.000000000000000, , ,Pond Creek-Blackwater River,NM,S,031401040502,Upper Pond Creek-Blackwater River,NM,S,AL08,FL,{AD3E8AC1-CF2C-42D1-AC78-6E0AE536897B},0.586818376938000,-448520
61,1,61,F-01,30.895630000000001,-86.302750000000003,28938,FL: Walton Co.,Long Creek at Hwy 2,male,23.79,25.48,41.289999999999999,6.92,NA,,174680,03140103,0314010306,031401030604,18706.199793399999180,0.000000000000000, , ,Pond Creek-Shoal River,NM,S,031401030605,Long Creek,NM,S,AL08,FL,{C627B458-0596-47E9-8866-ADA1045054DB},0.546680951583000,-448538
62,1,62,F-58,30.731188000000000,-86.801224000000005,29686,FL: Santa Rosa Co.,FAMU Field Station: 2nd Creek at Blackwater River; Holt,male,23.42,25.25,38.759999999999998,6.86,NA,,174647,03140104,0314010402,031401040205,22464.877215000000433,0.000000000000000, , ,Blackwater River,NM,S,031401040304,Ninemile Creek-Blackwater River,NM,S,AL08,FL,{182D5BE4-240E-48AE-827E-8B91C2724DAD},0.501062969132000,-448506
63,1,63,F-124,30.766278000000000,-86.635814999999994,29687,FL: Okaloosa Co.,Mill Creek at Hwy 397 (Milligan),male,21.64,22.87,36.590000000000003,7.81,NA,,174652,03140103,0314010304,031401030406,19158.459177000000636,0.000000000000000, , ,Middle Yellow River,NM,S,031401030801,Baggett Creek-Yellow River,NM,S,AL08,FL,{F8F2A472-CE4C-436A-B5E8-A92A1820E642},0.500857505715000,-448511
64,1,64,F-125,30.766278000000000,-86.635814999999994,29687,FL: Okaloosa Co.,Mill Creek at Hwy 397 (Milligan),female,26.49,29.45,44.890000000000001,7.7,NA,,174652,03140103,0314010304,031401030406,19158.459177000000636,0.000000000000000, , ,Middle Yellow River,NM,S,031401030801,Baggett Creek-Yellow River,NM,S,AL08,FL,{F8F2A472-CE4C-436A-B5E8-A92A1820E642},0.500857505715000,-448511
65,1,65,F-35,30.731188000000000,-86.801224000000005,29688,FL: Santa Rosa Co.,Riley Spring Branch,female,24.61,26.37,39.640000000000001,7.19,NA,,174647,03140104,0314010402,031401040205,22464.877215000000433,0.000000000000000, , ,Blackwater River,NM,S,031401040304,Ninemile Creek-Blackwater River,NM,S,AL08,FL,{182D5BE4-240E-48AE-827E-8B91C2724DAD},0.501062969132000,-448506
66,1,66,F-36,30.731188000000000,-86.801224000000005,29688,FL: Santa Rosa Co.,Riley Spring Branch,male,22.95,24.32,37.939999999999998,6.49,NA,,174647,03140104,0314010402,031401040205,22464.877215000000433,0.000000000000000, , ,Blackwater River,NM,S,031401040304,Ninemile Creek-Blackwater River,NM,S,AL08,FL,{182D5BE4-240E-48AE-827E-8B91C2724DAD},0.501062969132000,-448506
67,1,67,F-14,30.426304999999999,-85.295137999999994,29708,FL: Calhoun Co.,Juniper Creek at Hwy 20; near Clarksville,female,23.68,25.56,39.810000000000002,7.54,NA,,230518,03130012,0313001205,031300120505,36414.688517800001136,0.000000000000000, , ,Tenmile Creek-Chipola River,NM,S,031300120504,Juniper Creek-Chipola River,NM,S,FL01,FL,{3717A947-394D-4E8A-8A03-05F6FB9CB61A},0.892268555881000,-449540
68,1,68,F-15,30.426304999999999,-85.295137999999994,29708,FL: Calhoun Co.,Juniper Creek at Hwy 20; near Clarksville,male,21.49,23.48,38.430000000000000,7.44,NA,,230518,03130012,0313001205,031300120505,36414.688517800001136,0.000000000000000, , ,Tenmile Creek-Chipola River,NM,S,031300120504,Juniper Creek-Chipola River,NM,S,FL01,FL,{3717A947-394D-4E8A-8A03-05F6FB9CB61A},0.892268555881000,-449540
69,1,69,F-128,30.426304999999999,-85.295137999999994,29712,FL: Calhoun Co.,Juniper Creek at Hwy 20,male,21.61,23.78,37.210000000000001,7.86,NA,,230518,03130012,0313001205,031300120505,36414.688517800001136,0.000000000000000, , ,Tenmile Creek-Chipola River,NM,S,031300120504,Juniper Creek-Chipola River,NM,S,FL01,FL,{3717A947-394D-4E8A-8A03-05F6FB9CB61A},0.892268555881000,-449540
70,1,70,F-130,30.426304999999999,-85.295137999999994,29712,FL: Calhoun Co.,Juniper Creek at Hwy 20,female,24.5,25.8,39.680000000000000,7.13,NA,,230518,03130012,0313001205,031300120505,36414.688517800001136,0.000000000000000, , ,Tenmile Creek-Chipola River,NM,S,031300120504,Juniper Creek-Chipola River,NM,S,FL01,FL,{3717A947-394D-4E8A-8A03-05F6FB9CB61A},0.892268555881000,-449540
71,1,71,F-131,30.426304999999999,-85.295137999999994,29712,FL: Calhoun Co.,Juniper Creek at Hwy 20,male,23.46,24.92,39.600000000000001,6.73,NA,,230518,03130012,0313001205,031300120505,36414.688517800001136,0.000000000000000, , ,Tenmile Creek-Chipola River,NM,S,031300120504,Juniper Creek-Chipola River,NM,S,FL01,FL,{3717A947-394D-4E8A-8A03-05F6FB9CB61A},0.892268555881000,-449540
72,1,72,F-132,30.426304999999999,-85.295137999999994,29712,FL: Calhoun Co.,Juniper Creek at Hwy 20,female,24.37,25.72,38.710000000000001,6.92,NA,,230518,03130012,0313001205,031300120505,36414.688517800001136,0.000000000000000, , ,Tenmile Creek-Chipola River,NM,S,031300120504,Juniper Creek-Chipola River,NM,S,FL01,FL,{3717A947-394D-4E8A-8A03-05F6FB9CB61A},0.892268555881000,-449540
73,1,73,A-03,31.028462999999999,-86.708842000000004,29714,AL: Escambia Co.,Blackwater Creek at Bradley,male,22.97,24.55,38.229999999999997,6.46,NA,,174760,03140104,0314010401,031401040102,20809.443446900000708,0.000000000000000, , ,Upper Blackwater River,NM,S,031401040103,Blackwater Creek,NM,S,AL08,AL,{A078DC23-E214-47B0-A978-660301E7DF3A},0.503611176507000,-448608
74,1,74,A-04,31.028462999999999,-86.708842000000004,29714,AL: Escambia Co.,Blackwater Creek at Bradley,female,25.58,26.95,39.479999999999997,6.84,NA,,174760,03140104,0314010401,031401040102,20809.443446900000708,0.000000000000000, , ,Upper Blackwater River,NM,S,031401040103,Blackwater Creek,NM,S,AL08,AL,{A078DC23-E214-47B0-A978-660301E7DF3A},0.503611176507000,-448608
75,1,75,A-06,31.028462999999999,-86.708842000000004,29714,AL: Escambia Co.,Conecuh NF: Blackwater Creek at Bradley,female,25.52,27.24,41.100000000000001,6.9,NA,,174760,03140104,0314010401,031401040102,20809.443446900000708,0.000000000000000, , ,Upper Blackwater River,NM,S,031401040103,Blackwater Creek,NM,S,AL08,AL,{A078DC23-E214-47B0-A978-660301E7DF3A},0.503611176507000,-448608
76,1,76,A-07,31.028462999999999,-86.708842000000004,29714,AL: Escambia Co.,Conecuh NF: Blackwater Creek at Bradley,female,25.87,27.92,41.119999999999997,6.93,NA,,174760,03140104,0314010401,031401040102,20809.443446900000708,0.000000000000000, , ,Upper Blackwater River,NM,S,031401040103,Blackwater Creek,NM,S,AL08,AL,{A078DC23-E214-47B0-A978-660301E7DF3A},0.503611176507000,-448608
77,1,77,A-08,31.028462999999999,-86.708842000000004,29714,AL: Escambia Co.,Conecuh NF: Blackwater Creek at Bradley,male,23.85,24.56,38.719999999999999,6.46,NA,,174760,03140104,0314010401,031401040102,20809.443446900000708,0.000000000000000, , ,Upper Blackwater River,NM,S,031401040103,Blackwater Creek,NM,S,AL08,AL,{A078DC23-E214-47B0-A978-660301E7DF3A},0.503611176507000,-448608
78,1,78,A-09,31.028462999999999,-86.708842000000004,29714,AL: Escambia Co.,Conecuh NF: Blackwater Creek at Bradley,male,23.85,24.54,38.420000000000002,6.77,NA,,174760,03140104,0314010401,031401040102,20809.443446900000708,0.000000000000000, , ,Upper Blackwater River,NM,S,031401040103,Blackwater Creek,NM,S,AL08,AL,{A078DC23-E214-47B0-A978-660301E7DF3A},0.503611176507000,-448608
79,1,79,A-10,31.028462999999999,-86.708842000000004,29714,AL: Escambia Co.,Conecuh NF: Blackwater Creek at Bradley,female,25.52,26.88,39.329999999999998,6.82,NA,,174760,03140104,0314010401,031401040102,20809.443446900000708,0.000000000000000, , ,Upper Blackwater River,NM,S,031401040103,Blackwater Creek,NM,S,AL08,AL,{A078DC23-E214-47B0-A978-660301E7DF3A},0.503611176507000,-448608
80,1,80,A-11,31.028462999999999,-86.708842000000004,29714,AL: Escambia Co.,Conecuh NF: Blackwater Creek at Bradley,female,24.82,26.07,38.119999999999997,6.24,NA,,174760,03140104,0314010401,031401040102,20809.443446900000708,0.000000000000000, , ,Upper Blackwater River,NM,S,031401040103,Blackwater Creek,NM,S,AL08,AL,{A078DC23-E214-47B0-A978-660301E7DF3A},0.503611176507000,-448608
81,1,81,F-122,30.426304999999999,-85.295137999999994,29715,FL: Calhoun Co.,Juniper Creek at Hwy 20 West of Clarksville,male,22.46,24.1,38.210000000000001,7.32,NA,,230518,03130012,0313001205,031300120505,36414.688517800001136,0.000000000000000, , ,Tenmile Creek-Chipola River,NM,S,031300120504,Juniper Creek-Chipola River,NM,S,FL01,FL,{3717A947-394D-4E8A-8A03-05F6FB9CB61A},0.892268555881000,-449540
82,1,82,F-16,30.426304999999999,-85.295137999999994,29715,FL: Calhoun Co.,Juniper Creek at Hwy 20; near Clarksville,male,21.82,23.21,36.189999999999998,6.62,NA,,230518,03130012,0313001205,031300120505,36414.688517800001136,0.000000000000000, , ,Tenmile Creek-Chipola River,NM,S,031300120504,Juniper Creek-Chipola River,NM,S,FL01,FL,{3717A947-394D-4E8A-8A03-05F6FB9CB61A},0.892268555881000,-449540
83,1,83,F-126,30.525044999999999,-84.969880000000003,29716,FL: Liberty Co.,Sweetwater Creek and Route 270 near Bristol,female,28.98,30.08,46.340000000000003,7.11,NA,,230458,03130011,0313001104,031300110402,10932.775961699999243,0.000000000000000, , ,Stafford Creek-Apalachicola River,NM,S,031300110404,Sweetwater Creek-Apalachicola River,NM,S,FL01,FL,{868DD2A9-52C0-4E90-991B-407D9606E844},0.316140766217000,-449480
84,1,84,F-127,30.525044999999999,-84.969880000000003,29716,FL: Liberty Co.,Sweetwater Creek and Route 270 near Bristol,male,25.6,27.66,43.869999999999997,7.41,NA,,230458,03130011,0313001104,031300110402,10932.775961699999243,0.000000000000000, , ,Stafford Creek-Apalachicola River,NM,S,031300110404,Sweetwater Creek-Apalachicola River,NM,S,FL01,FL,{868DD2A9-52C0-4E90-991B-407D9606E844},0.316140766217000,-449480
85,1,85,F-123,30.426304999999999,-85.295137999999994,30058,FL: Calhoun Co.,Juniper Creek at Hwy 20 West of Clarksville,male,21.29,23.09,37.469999999999999,6.85,NA,,230518,03130012,0313001205,031300120505,36414.688517800001136,0.000000000000000, , ,Tenmile Creek-Chipola River,NM,S,031300120504,Juniper Creek-Chipola River,NM,S,FL01,FL,{3717A947-394D-4E8A-8A03-05F6FB9CB61A},0.892268555881000,-449540
86,1,86,F-40,30.426304999999999,-85.295137999999994,30058,FL: Calhoun Co.,Juniper Creek at Hwy 20 West of Clarksville,male,23,24.02,38.390000000000001,6.57,NA,,230518,03130012,0313001205,031300120505,36414.688517800001136,0.000000000000000, , ,Tenmile Creek-Chipola River,NM,S,031300120504,Juniper Creek-Chipola River,NM,S,FL01,FL,{3717A947-394D-4E8A-8A03-05F6FB9CB61A},0.892268555881000,-449540
87,1,87,F-41,30.426304999999999,-85.295137999999994,30058,FL: Calhoun Co.,Juniper Creek at Hwy 20 West of Clarksville,female,26.56,28,41.750000000000000,6.81,NA,,230518,03130012,0313001205,031300120505,36414.688517800001136,0.000000000000000, , ,Tenmile Creek-Chipola River,NM,S,031300120504,Juniper Creek-Chipola River,NM,S,FL01,FL,{3717A947-394D-4E8A-8A03-05F6FB9CB61A},0.892268555881000,-449540
88,1,88,F-33,30.426304999999999,-85.295137999999994,30472,FL: Calhoun Co.,Juniper Creek at Route 20,male,22.51,23.61,37.020000000000003,6.48,NA,,230518,03130012,0313001205,031300120505,36414.688517800001136,0.000000000000000, , ,Tenmile Creek-Chipola River,NM,S,031300120504,Juniper Creek-Chipola River,NM,S,FL01,FL,{3717A947-394D-4E8A-8A03-05F6FB9CB61A},0.892268555881000,-449540
89,1,89,F-34,30.426304999999999,-85.295137999999994,30472,FL: Calhoun Co.,Juniper Creek at Route 20,female,24.38,25.96,39.140000000000001,6.93,NA,,230518,03130012,0313001205,031300120505,36414.688517800001136,0.000000000000000, , ,Tenmile Creek-Chipola River,NM,S,031300120504,Juniper Creek-Chipola River,NM,S,FL01,FL,{3717A947-394D-4E8A-8A03-05F6FB9CB61A},0.892268555881000,-449540
90,1,90,F-37,30.426304999999999,-85.295137999999994,30472,FL: Calhoun Co.,Juniper Creek at Route 20,male,21.19,22.6,37.270000000000003,6.51,NA,,230518,03130012,0313001205,031300120505,36414.688517800001136,0.000000000000000, , ,Tenmile Creek-Chipola River,NM,S,031300120504,Juniper Creek-Chipola River,NM,S,FL01,FL,{3717A947-394D-4E8A-8A03-05F6FB9CB61A},0.892268555881000,-449540
91,1,91,F-38,30.426304999999999,-85.295137999999994,30472,FL: Calhoun Co.,Juniper Creek at Route 20,female,24.29,25.41,37.530000000000001,6.92,NA,,230518,03130012,0313001205,031300120505,36414.688517800001136,0.000000000000000, , ,Tenmile Creek-Chipola River,NM,S,031300120504,Juniper Creek-Chipola River,NM,S,FL01,FL,{3717A947-394D-4E8A-8A03-05F6FB9CB61A},0.892268555881000,-449540
92,1,92,F-80,30.426304999999999,-85.295137999999994,30472,FL: Calhoun Co.,Juniper Creek at Route 20,female,23.33,25.01,38.020000000000003,7.76,NA,,230518,03130012,0313001205,031300120505,36414.688517800001136,0.000000000000000, , ,Tenmile Creek-Chipola River,NM,S,031300120504,Juniper Creek-Chipola River,NM,S,FL01,FL,{3717A947-394D-4E8A-8A03-05F6FB9CB61A},0.892268555881000,-449540
93,1,93,F-114,30.731188000000000,-86.801224000000005,30778,FL: Santa Rosa Co.,Blackwater River SF: 2nd Creek past Riley Bluff near Holt,male,22.77,24.26,39.409999999999997,7.41,NA,,174647,03140104,0314010402,031401040205,22464.877215000000433,0.000000000000000, , ,Blackwater River,NM,S,031401040304,Ninemile Creek-Blackwater River,NM,S,AL08,FL,{182D5BE4-240E-48AE-827E-8B91C2724DAD},0.501062969132000,-448506
94,1,94,F-48,30.731188000000000,-86.801224000000005,30778,FL: Santa Rosa Co.,Blackwater River SF: 2nd Creek past Riley Bluff near Holt,female,26.19,27.61,42.649999999999999,7.31,NA,,174647,03140104,0314010402,031401040205,22464.877215000000433,0.000000000000000, , ,Blackwater River,NM,S,031401040304,Ninemile Creek-Blackwater River,NM,S,AL08,FL,{182D5BE4-240E-48AE-827E-8B91C2724DAD},0.501062969132000,-448506
95,1,95,F-85,30.731188000000000,-86.801224000000005,31879,FL: Santa Rosa Co.,Riley Spring Branch NW of Holt,male,23.4,25.24,40.219999999999999,7.18,NA,,174647,03140104,0314010402,031401040205,22464.877215000000433,0.000000000000000, , ,Blackwater River,NM,S,031401040304,Ninemile Creek-Blackwater River,NM,S,AL08,FL,{182D5BE4-240E-48AE-827E-8B91C2724DAD},0.501062969132000,-448506
96,1,96,G-01,32.389311999999997,-84.297135999999995,31927,GA: Taylor Co.,"Cedar Creek, Hwy 19, Rupert",female,27.02,28.81,43.090000000000003,7.39,NA,,231749,03130005,0313000515,031300051505,30588.755492899999808,0.000000000000000, , ,Whitewater Creek,NM,S,031300051507,Lower Cedar Creek,NM,S,GA04,GA,{43321C42-B983-4B6F-BB81-CDBFF13E65C4},0.684071039124000,-450254
97,1,97,G-02,32.389311999999997,-84.297135999999995,31927,GA: Taylor Co.,"Cedar Creek, Hwy 19, Rupert",female,26.18,27.65,42.460000000000001,7.2,NA,,231749,03130005,0313000515,031300051505,30588.755492899999808,0.000000000000000, , ,Whitewater Creek,NM,S,031300051507,Lower Cedar Creek,NM,S,GA04,GA,{43321C42-B983-4B6F-BB81-CDBFF13E65C4},0.684071039124000,-450254
98,1,98,G-03,32.389311999999997,-84.297135999999995,31927,GA: Taylor Co.,"Cedar Creek, Hwy 19, Rupert",male,24.4,26.07,42.640000000000001,7.37,NA,,231749,03130005,0313000515,031300051505,30588.755492899999808,0.000000000000000, , ,Whitewater Creek,NM,S,031300051507,Lower Cedar Creek,NM,S,GA04,GA,{43321C42-B983-4B6F-BB81-CDBFF13E65C4},0.684071039124000,-450254
99,1,99,G-04,32.389311999999997,-84.297135999999995,31927,GA: Taylor Co.,"Cedar Creek, Hwy 19, Rupert",male,26.07,27.67,42.299999999999997,7.04,NA,,231749,03130005,0313000515,031300051505,30588.755492899999808,0.000000000000000, , ,Whitewater Creek,NM,S,031300051507,Lower Cedar Creek,NM,S,GA04,GA,{43321C42-B983-4B6F-BB81-CDBFF13E65C4},0.684071039124000,-450254
100,1,100,G-05,32.389311999999997,-84.297135999999995,31927,GA: Taylor Co.,"Cedar Creek, Hwy 19, Rupert",male,24.75,26.21,40.869999999999997,7.23,NA,,231749,03130005,0313000515,031300051505,30588.755492899999808,0.000000000000000, , ,Whitewater Creek,NM,S,031300051507,Lower Cedar Creek,NM,S,GA04,GA,{43321C42-B983-4B6F-BB81-CDBFF13E65C4},0.684071039124000,-450254
101,1,101,G-06,32.389311999999997,-84.297135999999995,31927,GA: Taylor Co.,"Cedar Creek, Hwy 19, Rupert",male,25.72,26.99,40.659999999999997,6.83,NA,,231749,03130005,0313000515,031300051505,30588.755492899999808,0.000000000000000, , ,Whitewater Creek,NM,S,031300051507,Lower Cedar Creek,NM,S,GA04,GA,{43321C42-B983-4B6F-BB81-CDBFF13E65C4},0.684071039124000,-450254
102,1,102,G-07,32.389311999999997,-84.297135999999995,31927,GA: Taylor Co.,"Cedar Creek, Hwy 19, Rupert",male,24.77,26.5,40.219999999999999,7.06,NA,,231749,03130005,0313000515,031300051505,30588.755492899999808,0.000000000000000, , ,Whitewater Creek,NM,S,031300051507,Lower Cedar Creek,NM,S,GA04,GA,{43321C42-B983-4B6F-BB81-CDBFF13E65C4},0.684071039124000,-450254
103,1,103,G-08,32.389311999999997,-84.297135999999995,31927,GA: Taylor Co.,"Cedar Creek, Hwy 19, Rupert",male,24.75,25.96,40.680000000000000,7.4,NA,,231749,03130005,0313000515,031300051505,30588.755492899999808,0.000000000000000, , ,Whitewater Creek,NM,S,031300051507,Lower Cedar Creek,NM,S,GA04,GA,{43321C42-B983-4B6F-BB81-CDBFF13E65C4},0.684071039124000,-450254
104,1,104,G-09,32.389311999999997,-84.297135999999995,31927,GA: Taylor Co.,"Cedar Creek, Hwy 19, Rupert",female,28.21,30.03,45.469999999999999,NA,NA,,231749,03130005,0313000515,031300051505,30588.755492899999808,0.000000000000000, , ,Whitewater Creek,NM,S,031300051507,Lower Cedar Creek,NM,S,GA04,GA,{43321C42-B983-4B6F-BB81-CDBFF13E65C4},0.684071039124000,-450254
105,1,105,F-82,30.567337999999999,-84.946916999999999,32635,FL: Liberty Co.,Torreya SP,male,27.12,28.44,45.219999999999999,8.41,NA,,230445,03130011,0313001103,031300110303,14961.060610900000029,0.000000000000000, , ,Ocheesee Creek-Apalachicola River,NM,S,031300110404,Short Creek,NM,S,FL01,FL,{657F133A-AD33-4282-A804-CD387110CD6C},0.449260536647000,-449467
106,1,106,A-02,31.116738999999999,-86.824686000000000,34095,AL: Escambia Co.,Mendenhall Creek; Co. road 53,male,21.84,23.32,36.560000000000002,6.42,NA,,174780,03140304,0314030405,031403040503,26165.839876699999877,0.000000000000000, , ,Conecuh River,NM,S,031403040505,Clear Creek-Conecuh River,NM,S,AL08,AL,{579C3770-49B9-4FE0-9BDE-E5571D0E4CBC},0.552421962950000,-448622
107,1,107,A-01,31.012799999999999,-86.808188000000001,34438,AL: Escambia Co.,"Conecuh NF: South of Parker Springs; 1 mile West of SR-11, Barney Creek",male,22.35,23.7,36.899999999999999,6.13,NA,,174722,03140104,0314010403,031401040301,19379.813551899998856,0.000000000000000, , ,Big Juniper Creek,NM,S,031401040302,Upper Sweetwater Creek,NM,S,AL08,"AL,FL",{828E3A8D-340C-4E83-B3B2-277CADA34C7E},0.429413962110000,-448576
108,1,108,A-05,31.012799999999999,-86.808188000000001,34439,AL: Escambia Co.,Conecuh NF: Barney Creek; 1 mile West of Hwy 11,male,21.73,24.63,39.180000000000000,6.83,NA,,174722,03140104,0314010403,031401040301,19379.813551899998856,0.000000000000000, , ,Big Juniper Creek,NM,S,031401040302,Upper Sweetwater Creek,NM,S,AL08,"AL,FL",{828E3A8D-340C-4E83-B3B2-277CADA34C7E},0.429413962110000,-448576
109,1,109,F-83,30.872949999999999,-87.322175000000001,34819,FL: Escambia Co.,"Mitchell Creek, Hwy 29",male,23.01,24.82,40.100000000000001,7.53,NA,,174691,03140305,0314030504,031403050403,38079.715774099997361,0.000000000000000, , ,Canoe Creek-Escambia River,NM,S,031403050404,Chumukla Springs,NM,S,AL08,FL,{236011E5-86DA-4540-91DB-2AD20830C5B4},0.678135772517000,-448548
110,1,110,F-86,30.742872999999999,-86.806746000000004,35164,FL: Santa Rosa Co.,Blackwater River SF: Ates Creek bridge North entrance to Hatchery,male,23.22,25.23,40.329999999999998,6.85,NA,,174647,03140104,0314010402,031401040205,22464.877215000000433,0.000000000000000, , ,Blackwater River,NM,S,031401040304,Ninemile Creek-Blackwater River,NM,S,AL08,FL,{182D5BE4-240E-48AE-827E-8B91C2724DAD},0.501062969132000,-448506
111,1,111,F-87,30.742872999999999,-86.806746000000004,35164,FL: Santa Rosa Co.,Blackwater River SF: Ates Creek bridge North entrance to Hatchery,female,26.55,28.25,42.600000000000001,7.04,NA,,174647,03140104,0314010402,031401040205,22464.877215000000433,0.000000000000000, , ,Blackwater River,NM,S,031401040304,Ninemile Creek-Blackwater River,NM,S,AL08,FL,{182D5BE4-240E-48AE-827E-8B91C2724DAD},0.501062969132000,-448506
112,1,112,F-89,30.742872999999999,-86.806746000000004,35164,FL: Santa Rosa Co.,Blackwater River SF: Ates Creek bridge North entrance to Hatchery,female,26.04,28.28,42.130000000000003,6.51,NA,,174647,03140104,0314010402,031401040205,22464.877215000000433,0.000000000000000, , ,Blackwater River,NM,S,031401040304,Ninemile Creek-Blackwater River,NM,S,AL08,FL,{182D5BE4-240E-48AE-827E-8B91C2724DAD},0.501062969132000,-448506
113,1,113,F-90,30.742872999999999,-86.806746000000004,35165,FL: Santa Rosa Co.,Blackwater River SF: Ates Creek bridge North entrance to Hatchery,male,22.26,24.37,38.549999999999997,6.57,NA,,174647,03140104,0314010402,031401040205,22464.877215000000433,0.000000000000000, , ,Blackwater River,NM,S,031401040304,Ninemile Creek-Blackwater River,NM,S,AL08,FL,{182D5BE4-240E-48AE-827E-8B91C2724DAD},0.501062969132000,-448506
114,1,114,F-91,30.742872999999999,-86.806746000000004,35165,FL: Santa Rosa Co.,Blackwater River SF,male,23.86,25.51,39.030000000000001,6.8,NA,,174647,03140104,0314010402,031401040205,22464.877215000000433,0.000000000000000, , ,Blackwater River,NM,S,031401040304,Ninemile Creek-Blackwater River,NM,S,AL08,FL,{182D5BE4-240E-48AE-827E-8B91C2724DAD},0.501062969132000,-448506
115,1,115,F-92,30.742872999999999,-86.806746000000004,35165,FL: Santa Rosa Co.,Blackwater River SF,male,23.6,25.21,39.829999999999998,6.9,NA,,174647,03140104,0314010402,031401040205,22464.877215000000433,0.000000000000000, , ,Blackwater River,NM,S,031401040304,Ninemile Creek-Blackwater River,NM,S,AL08,FL,{182D5BE4-240E-48AE-827E-8B91C2724DAD},0.501062969132000,-448506
116,1,116,F-50,30.617500000000000,-86.229169999999996,37722,FL: Walton Co.,Eglin AFB: Seeps; 5 miles NW of Portland,female,26.9,28.92,43.180000000000000,7.35,NA,,173607,03140102,0314010202,031401020203,15442.492810800000370,0.000000000000000, , ,Alaqua Creek,NM,S,031401020205,Little Alaqua Creek,NM,S,FL01,FL,{F622BDD6-2C5F-49CC-994E-C9BF94592854},0.364227824519000,-448220
117,1,117,F-49,30.607551999999998,-86.214727999999994,37722,FL: Walton Co.,Eglin AFB: Blount Mill Creek,male,24.39,26.35,40.070000000000000,7.1,NA,,173607,03140102,0314010202,031401020203,15442.492810800000370,0.000000000000000, , ,Alaqua Creek,NM,S,031401020205,Little Alaqua Creek,NM,S,FL01,FL,{F622BDD6-2C5F-49CC-994E-C9BF94592854},0.364227824519000,-448220
118,1,118,F-93,30.607530000000001,-86.214657000000003,37722,FL: Walton Co.,Eglin AFB: Blount Mill Creek,female,26.13,27.51,41.509999999999998,7.17,NA,,173607,03140102,0314010202,031401020203,15442.492810800000370,0.000000000000000, , ,Alaqua Creek,NM,S,031401020205,Little Alaqua Creek,NM,S,FL01,FL,{F622BDD6-2C5F-49CC-994E-C9BF94592854},0.364227824519000,-448220
119,1,119,F-59,30.598689000000000,-86.211325000000002,37722,FL: Walton Co.,"Eglin AFB: Blount Mill Creek, Road 208",male,24.05,25.58,40.700000000000003,6.55,NA,,173607,03140102,0314010202,031401020203,15442.492810800000370,0.000000000000000, , ,Alaqua Creek,NM,S,031401020205,Little Alaqua Creek,NM,S,FL01,FL,{F622BDD6-2C5F-49CC-994E-C9BF94592854},0.364227824519000,-448220
120,1,120,F-42,30.600171000000000,-86.416797000000003,37723,FL: Okaloosa Co.,Eglin AFB: Bear Bay Branch (This is actually Little Rocky Creek),female,27.59,29.71,45.460000000000001,7.08,NA,,173616,03140102,0314010205,031401020503,12325.267137700000603,0.000000000000000, , ,Rocky Creek-Choctawhatchee Bay,NM,S,031401020504,Little Rocky Creek,NM,S,FL01,FL,{6E4C885C-B3AF-4D9F-B436-5177DFB8351F},0.361190519155000,-448223
121,1,121,F-43,30.600171000000000,-86.416797000000003,37723,FL: Okaloosa Co.,Eglin AFB: Bear Bay Branch (This is actually Little Rocky Creek),male,25.18,27.25,42.409999999999997,6.73,NA,,173616,03140102,0314010205,031401020503,12325.267137700000603,0.000000000000000, , ,Rocky Creek-Choctawhatchee Bay,NM,S,031401020504,Little Rocky Creek,NM,S,FL01,FL,{6E4C885C-B3AF-4D9F-B436-5177DFB8351F},0.361190519155000,-448223
122,1,122,F-51,30.600171000000000,-86.416797000000003,37723,FL: Okaloosa Co.,Eglin AFB: Bear Bay Branch (This is actually Little Rocky Creek),female,26.5,28.81,44.159999999999997,7.34,NA,,173616,03140102,0314010205,031401020503,12325.267137700000603,0.000000000000000, , ,Rocky Creek-Choctawhatchee Bay,NM,S,031401020504,Little Rocky Creek,NM,S,FL01,FL,{6E4C885C-B3AF-4D9F-B436-5177DFB8351F},0.361190519155000,-448223
123,1,123,F-52,30.600171000000000,-86.416797000000003,37723,FL: Okaloosa Co.,Eglin AFB: Bear Bay Branch (This is actually Little Rocky Creek),male,24.19,25.8,40.039999999999999,6.51,NA,,173616,03140102,0314010205,031401020503,12325.267137700000603,0.000000000000000, , ,Rocky Creek-Choctawhatchee Bay,NM,S,031401020504,Little Rocky Creek,NM,S,FL01,FL,{6E4C885C-B3AF-4D9F-B436-5177DFB8351F},0.361190519155000,-448223
124,1,124,F-39,30.607033999999999,-86.482355999999996,38087,FL: Okaloosa Co.,Eglin AFB: Point Lookout Cr. Hwy 221,male,23.92,25.75,41.270000000000003,6.8,NA,,174582,03140102,0314010206,031401020601,16160.954514700000800,0.000000000000000, , ,Turkey Creek-Choctawhatchee Bay,NM,S,031401020603,Juniper Creek-Lower Turkey Creek,NM,S,FL01,FL,{F87BA862-559D-47EA-96CA-807E178F2206},0.376380595669000,-448454
125,1,125,F-53,30.607033999999999,-86.482355999999996,38087,FL: Okaloosa Co.,Eglin AFB: Point Lookout Cr. At ERR 221,male,25.37,27.15,41.630000000000003,7.04,NA,,174582,03140102,0314010206,031401020601,16160.954514700000800,0.000000000000000, , ,Turkey Creek-Choctawhatchee Bay,NM,S,031401020603,Juniper Creek-Lower Turkey Creek,NM,S,FL01,FL,{F87BA862-559D-47EA-96CA-807E178F2206},0.376380595669000,-448454
126,1,126,M-01,30.893429999999999,-89.016165000000001,39184,MS: Stone Co.,De Soto NF: Bluff Creek at Bluff Creek Road,male,23.54,25.5,40.359999999999999,7.2,NA,,169752,03170007,0317000704,031700070403,23261.897273300000961,0.000000000000000, , ,Bluff Creek-Red Creek,NM,S,031700070404,Clear Creek-Bluff Creek,NM,S,MS01,MS,{D42157E3-1A95-4F83-9E0D-D665027640A7},0.784375620316000,-447814
127,1,127,M-02,30.893429999999999,-89.016165000000001,39184,MS: Stone Co.,De Soto NF: Bluff Creek at Bluff Creek Road,male,23.28,24.95,40.680000000000000,7.06,NA,,169752,03170007,0317000704,031700070403,23261.897273300000961,0.000000000000000, , ,Bluff Creek-Red Creek,NM,S,031700070404,Clear Creek-Bluff Creek,NM,S,MS01,MS,{D42157E3-1A95-4F83-9E0D-D665027640A7},0.784375620316000,-447814
128,1,128,F-75,30.406243000000000,-85.529638000000006,39212,FL: Bay Co.,Moccasin Creek Farm (small creek),male,23.4,25.96,41.450000000000003,7.78,NA,,230470,03140101,0314010102,031401010202,24882.097707600001741,0.000000000000000, , ,Lower Ecofina Creek,NM,S,031401010505,Cat Creek-Ecofina Creek,NM,S,FL01,FL,{4B6D8B1C-5103-4D63-8051-17EBFC3A8542},0.610597511588000,-449492
129,1,129,NA,30.757446000000002,-86.874807000000004,39551,FL: Santa Rosa Co.,Tiny stream in Blackwater River SP; 4 mi N of Harold; the coordinates are approximate,male,22.03,23.47,36.539999999999999,NA,NA,,174657,03140104,0314010403,031401040304,35237.426206399999501,0.000000000000000, , ,Big Juniper Creek,NM,S,031401040503,Lower Big Juniper Creek,NM,S,AL08,FL,{896F719E-7FA9-45A5-AC96-6F4B5928F89A},0.685935325157000,-448516
130,1,130,NA,30.706982000000000,-86.210856000000007,39551,FL: Walton Co.,"Bear Creek @ Hwy 280, Iona",male,24.21,25.61,42.439999999999998,NA,NA,,173598,03140102,0314010202,031401020201,20477.601737400000275,0.000000000000000, , ,Alaqua Creek,NM,S,031401020202,Upper Alaqua Creek,NM,S,FL01,FL,{1FF50D9B-E803-4F20-B436-152CBF656451},0.448902416686000,-448217
131,1,131,NA,30.706982000000000,-86.210856000000007,39551,FL: Walton Co.,"Bear Creek @ Hwy 280, Iona",female,26.39,28.41,45.359999999999999,NA,NA,,173598,03140102,0314010202,031401020201,20477.601737400000275,0.000000000000000, , ,Alaqua Creek,NM,S,031401020202,Upper Alaqua Creek,NM,S,FL01,FL,{1FF50D9B-E803-4F20-B436-152CBF656451},0.448902416686000,-448217
132,1,132,NA,30.706982000000000,-86.210856000000007,39551,FL: Walton Co.,"Bear Creek @ Hwy 280, Iona",male,24.51,26.48,40.399999999999999,NA,NA,,173598,03140102,0314010202,031401020201,20477.601737400000275,0.000000000000000, , ,Alaqua Creek,NM,S,031401020202,Upper Alaqua Creek,NM,S,FL01,FL,{1FF50D9B-E803-4F20-B436-152CBF656451},0.448902416686000,-448217
133,1,133,F-74,30.450489999999999,-85.837540000000004,39925,FL: Washington Co.,Pine Log Creek at metal bridge (Knight Property),male,25.27,26.45,42.500000000000000,7.64,NA,,173856,03140203,0314020310,031402031003,37217.524318099996890,0.000000000000000, , ,Pine Log Creek,NM,S,031402031102,Pine Log Creek,NM,S,FL01,FL,{21C7A87D-41F6-4DBA-BAA3-D2539EFE2D5B},0.842016379276000,-448249
134,1,134,F-76,30.450489999999999,-85.837540000000004,39925,FL: Washington Co.,Pine Log Creek NE of metal bridge (Knight Property),male,25.73,26.18,43.100000000000001,8.06,NA,,173856,03140203,0314020310,031402031003,37217.524318099996890,0.000000000000000, , ,Pine Log Creek,NM,S,031402031102,Pine Log Creek,NM,S,FL01,FL,{21C7A87D-41F6-4DBA-BAA3-D2539EFE2D5B},0.842016379276000,-448249
135,1,135,F-77,30.567081000000002,-85.396471000000005,41014,FL: Bay Co.,Buckhorn Creek at County Line (Rd crossing creek),female,25.07,26.91,40.590000000000003,7.38,NA,,230446,03140101,0314010101,031401010101,21221.611837500000547,0.000000000000000, , ,Upper Ecofina Creek,NM,S,031401010102,Compass Lake,NM,S,FL01,FL,{6C334AFA-45C4-4450-9011-6CA918FEF42B},0.498195031740000,-449468
136,1,136,F-78,30.567081000000002,-85.396471000000005,41014,FL: Bay Co.,Buckhorn Creek at County Line (Rd crossing creek),male,22.55,23.51,35.759999999999998,6.4,NA,,230446,03140101,0314010101,031401010101,21221.611837500000547,0.000000000000000, , ,Upper Ecofina Creek,NM,S,031401010102,Compass Lake,NM,S,FL01,FL,{6C334AFA-45C4-4450-9011-6CA918FEF42B},0.498195031740000,-449468
137,1,137,F-117,30.714200000000002,-86.852249999999998,43554,FL: Santa Rosa Co.,Coon Camp Branch,female,25.84,27.88,39.359999999999999,6.92,NA,,174647,03140104,0314010402,031401040205,22464.877215000000433,0.000000000000000, , ,Blackwater River,NM,S,031401040304,Ninemile Creek-Blackwater River,NM,S,AL08,FL,{182D5BE4-240E-48AE-827E-8B91C2724DAD},0.501062969132000,-448506
138,1,138,MMC-02,30.631959999999999,-86.774979999999999,44634,FL: Okaloosa Co.,Milligan Creek - Eglin AFB,male,23.7,24.9,39.899999999999999,7.1,NA,,174634,03140103,0314010308,031401030803,22836.653830300001573,0.000000000000000, , ,Lower Yellow River,NM,S,031401030804,Milligan Creek-Yellow Creek,NM,S,AL08,FL,{D2F8CD58-E700-40CE-B346-D14282C3EC2C},0.496639735838000,-448493
139,1,139,PB-01,30.540894000000002,-87.789871000000005,44688,AL: Baldwin Co.,"Perone Branch, Silverhill",male,23.55,25.67,38.820000000000000,NA,NA,,174734,03160205,0316020502,031602050201,42273.965857900002447,0.000000000000000, , ,Fish River-Frontal Mobile Bay,NM,F,031602050202,Upper Fish River,NM,S,AL08,AL,{D554827E-6416-477B-AC14-92BF4E959C08},0.656087808972000,-448587
140,1,140,PB-02,30.540894000000002,-87.789871000000005,44688,AL: Baldwin Co.,"Perone Branch, Silverhill",female,25.86,27.44,40.880000000000003,NA,NA,,174734,03160205,0316020502,031602050201,42273.965857900002447,0.000000000000000, , ,Fish River-Frontal Mobile Bay,NM,F,031602050202,Upper Fish River,NM,S,AL08,AL,{D554827E-6416-477B-AC14-92BF4E959C08},0.656087808972000,-448587
141,1,141,BC-01,30.515720000000002,-86.859568999999993,44693,FL: Santa Rosa Co.,"Boiling Creek Steephead, Eglin",female,26.23,27.83,42.869999999999997,NA,NA,,174626,03140103,0314010308,031401030805,26024.539767199999915,0.000000000000000, , ,Lower Yellow River,NM,S,031401030806,Boiling Creek,NM,S,AL08,FL,{FA3C9F3B-57CF-4427-98F8-070A1803DEBB},0.594880530853000,-448485
142,1,142,BC-02,30.515720000000002,-86.859568999999993,44693,FL: Santa Rosa Co.,"Boiling Creek Steephead, Eglin",female,27.21,28.97,43.840000000000003,NA,NA,,174626,03140103,0314010308,031401030805,26024.539767199999915,0.000000000000000, , ,Lower Yellow River,NM,S,031401030806,Boiling Creek,NM,S,AL08,FL,{FA3C9F3B-57CF-4427-98F8-070A1803DEBB},0.594880530853000,-448485
143,1,143,PB-03,30.540894000000002,-87.789871000000005,44700,AL: Baldwin Co.,"Perone Branch, Silverhill",male,23.96,25.64,40.380000000000003,NA,NA,,174734,03160205,0316020502,031602050201,42273.965857900002447,0.000000000000000, , ,Fish River-Frontal Mobile Bay,NM,F,031602050202,Upper Fish River,NM,S,AL08,AL,{D554827E-6416-477B-AC14-92BF4E959C08},0.656087808972000,-448587
144,1,144,F-135,30.527003000000001,-86.055300000000003,44999,FL: Walton Co.,Lafayette Creek WMA: Wolf Creek,female,26.38,27.73,43.710000000000001,NA,NA,,173625,03140102,0314010201,031401020101,17788.679984099999274,0.000000000000000, , ,La Grange Bayou-Bear Creek Frontal,NM,F,031401020102,Magnolia Creek,NM,S,FL01,FL,{8D603343-46AF-4C0C-AE01-C45C4DFAEA8F},0.430335445312000,-448226
145,1,145,F-136,30.527003000000001,-86.055300000000003,44999,FL: Walton Co.,Lafayette Creek WMA: Wolf Creek,male,23.72,25.05,38.630000000000003,NA,NA,,173625,03140102,0314010201,031401020101,17788.679984099999274,0.000000000000000, , ,La Grange Bayou-Bear Creek Frontal,NM,F,031401020102,Magnolia Creek,NM,S,FL01,FL,{8D603343-46AF-4C0C-AE01-C45C4DFAEA8F},0.430335445312000,-448226
146,1,146,F-137,30.527003000000001,-86.055300000000003,44999,FL: Walton Co.,Lafayette Creek WMA: Wolf Creek,female,26.51,27.86,41.920000000000002,NA,NA,,173625,03140102,0314010201,031401020101,17788.679984099999274,0.000000000000000, , ,La Grange Bayou-Bear Creek Frontal,NM,F,031401020102,Magnolia Creek,NM,S,FL01,FL,{8D603343-46AF-4C0C-AE01-C45C4DFAEA8F},0.430335445312000,-448226
147,1,147,F-138,30.527003000000001,-86.055300000000003,44999,FL: Walton Co.,Lafayette Creek WMA: Wolf Creek,male,23.92,26.74,38.799999999999997,NA,NA,,173625,03140102,0314010201,031401020101,17788.679984099999274,0.000000000000000, , ,La Grange Bayou-Bear Creek Frontal,NM,F,031401020102,Magnolia Creek,NM,S,FL01,FL,{8D603343-46AF-4C0C-AE01-C45C4DFAEA8F},0.430335445312000,-448226
148,1,148,F-139,30.527003000000001,-86.055300000000003,44999,FL: Walton Co.,Lafayette Creek WMA: Wolf Creek,male,23.85,25.24,39.719999999999999,NA,NA,,173625,03140102,0314010201,031401020101,17788.679984099999274,0.000000000000000, , ,La Grange Bayou-Bear Creek Frontal,NM,F,031401020102,Magnolia Creek,NM,S,FL01,FL,{8D603343-46AF-4C0C-AE01-C45C4DFAEA8F},0.430335445312000,-448226
149,1,149,NA,30.540894000000002,-87.789871000000005,45039,AL: Baldwin Co.,"Perone Branch, Silverhill",female,24.4,26.72,39.320000000000000,NA,NA,,174734,03160205,0316020502,031602050201,42273.965857900002447,0.000000000000000, , ,Fish River-Frontal Mobile Bay,NM,F,031602050202,Upper Fish River,NM,S,AL08,AL,{D554827E-6416-477B-AC14-92BF4E959C08},0.656087808972000,-448587
150,1,150,NA,30.674645600000002,-86.650757100000007,45041,FL: Okaloosa Co.,"Carr Spring Branch, Eglin AFB",male,23.91,25.38,39.700000000000003,NA,NA,,174637,03140103,0314010308,031401030801,21656.830703399999038,0.000000000000000, , ,Lower Yellow River,NM,S,031401030802,Turkey Gobbler Creek-Yellow River,NM,S,AL08,FL,{366D20E5-F246-408F-8AC2-0A868FF37474},0.515143724220000,-448496
151,1,151,NA,30.674645600000002,-86.650757100000007,45041,FL: Okaloosa Co.,"Carr Spring Branch, Eglin AFB",male,23.57,25.27,37.740000000000002,NA,NA,,174637,03140103,0314010308,031401030801,21656.830703399999038,0.000000000000000, , ,Lower Yellow River,NM,S,031401030802,Turkey Gobbler Creek-Yellow River,NM,S,AL08,FL,{366D20E5-F246-408F-8AC2-0A868FF37474},0.515143724220000,-448496
152,1,152,NA,30.671247999999999,-86.661423999999997,45041,FL: Okaloosa Co.,"Turkey Gobbler Creek, Eglin AFB",female,25.75,27.81,40.899999999999999,NA,NA,,174637,03140103,0314010308,031401030801,21656.830703399999038,0.000000000000000, , ,Lower Yellow River,NM,S,031401030802,Turkey Gobbler Creek-Yellow River,NM,S,AL08,FL,{366D20E5-F246-408F-8AC2-0A868FF37474},0.515143724220000,-448496
153,1,153,NA,30.530266999999998,-86.077772999999993,45042,FL: Walton Co.,Lafayette Creek WMA: Lafayette Creek,female,26.9,29.1,44.250000000000000,NA,NA,,173625,03140102,0314010201,031401020101,17788.679984099999274,0.000000000000000, , ,La Grange Bayou-Bear Creek Frontal,NM,F,031401020102,Magnolia Creek,NM,S,FL01,FL,{8D603343-46AF-4C0C-AE01-C45C4DFAEA8F},0.430335445312000,-448226
154,1,154,NA,30.530266999999998,-86.077772999999993,45042,FL: Walton Co.,Lafayette Creek WMA: Lafayette Creek,male,24.9,26.68,38.700000000000003,NA,NA,,173625,03140102,0314010201,031401020101,17788.679984099999274,0.000000000000000, , ,La Grange Bayou-Bear Creek Frontal,NM,F,031401020102,Magnolia Creek,NM,S,FL01,FL,{8D603343-46AF-4C0C-AE01-C45C4DFAEA8F},0.430335445312000,-448226
155,1,155,NA,30.530266999999998,-86.077772999999993,45042,FL: Walton Co.,Lafayette Creek WMA: Lafayette Creek,male,24.03,26.33,41.109999999999999,NA,NA,,173625,03140102,0314010201,031401020101,17788.679984099999274,0.000000000000000, , ,La Grange Bayou-Bear Creek Frontal,NM,F,031401020102,Magnolia Creek,NM,S,FL01,FL,{8D603343-46AF-4C0C-AE01-C45C4DFAEA8F},0.430335445312000,-448226
156,1,156,NA,30.530266999999998,-86.077772999999993,45042,FL: Walton Co.,Lafayette Creek WMA: Lafayette Creek,male,25.25,26.78,42.090000000000003,NA,NA,,173625,03140102,0314010201,031401020101,17788.679984099999274,0.000000000000000, , ,La Grange Bayou-Bear Creek Frontal,NM,F,031401020102,Magnolia Creek,NM,S,FL01,FL,{8D603343-46AF-4C0C-AE01-C45C4DFAEA8F},0.430335445312000,-448226
157,1,157,NA,30.389544999999998,-85.261120000000005,45047,FL: Calhoun Co.,Juniper Creek @ Youngstown Frink Rd,female,24.16,26.3,39.200000000000003,NA,NA,,230518,03130012,0313001205,031300120505,36414.688517800001136,0.000000000000000, , ,Tenmile Creek-Chipola River,NM,S,031300120504,Juniper Creek-Chipola River,NM,S,FL01,FL,{3717A947-394D-4E8A-8A03-05F6FB9CB61A},0.892268555881000,-449540
158,1,158,NA,30.389544999999998,-85.261120000000005,45047,FL: Calhoun Co.,Juniper Creek @ Youngstown Frink Rd,male,23.2,24.45,38.700000000000003,NA,NA,,230518,03130012,0313001205,031300120505,36414.688517800001136,0.000000000000000, , ,Tenmile Creek-Chipola River,NM,S,031300120504,Juniper Creek-Chipola River,NM,S,FL01,FL,{3717A947-394D-4E8A-8A03-05F6FB9CB61A},0.892268555881000,-449540
159,1,159,NA,30.389544999999998,-85.261120000000005,45047,FL: Calhoun Co.,Juniper Creek @ Youngstown Frink Rd,male,23.67,24.51,37.649999999999999,NA,NA,,230518,03130012,0313001205,031300120505,36414.688517800001136,0.000000000000000, , ,Tenmile Creek-Chipola River,NM,S,031300120504,Juniper Creek-Chipola River,NM,S,FL01,FL,{3717A947-394D-4E8A-8A03-05F6FB9CB61A},0.892268555881000,-449540
160,1,160,NA,30.440882999999999,-84.915777599999998,45054,FL: Liberty Co.,Turkey Creek @ NW Stokes Pl Rd,male,24.85,26.25,40.880000000000003,NA,NA,,230466,03120003,0312000306,031200030605,15912.582169600000270,0.000000000000000, , ,Upper Telogia Creek,NM,S,031200030701,Mill Branch-Telogia Creek,NM,S,FL01,FL,{F5480C6B-040A-49A2-839C-E04B5CB9FEEB},0.415075804377000,-449488
161,1,161,NA,30.440882999999999,-84.915777599999998,45054,FL: Liberty Co.,Turkey Creek @ NW Stokes Pl Rd,male,25.21,26.66,41.310000000000002,NA,NA,,230466,03120003,0312000306,031200030605,15912.582169600000270,0.000000000000000, , ,Upper Telogia Creek,NM,S,031200030701,Mill Branch-Telogia Creek,NM,S,FL01,FL,{F5480C6B-040A-49A2-839C-E04B5CB9FEEB},0.415075804377000,-449488
162,1,162,NA,30.440882999999999,-84.915777599999998,45054,FL: Liberty Co.,Turkey Creek @ NW Stokes Pl Rd,male,25.59,27.67,42.240000000000002,NA,NA,,230466,03120003,0312000306,031200030605,15912.582169600000270,0.000000000000000, , ,Upper Telogia Creek,NM,S,031200030701,Mill Branch-Telogia Creek,NM,S,FL01,FL,{F5480C6B-040A-49A2-839C-E04B5CB9FEEB},0.415075804377000,-449488
163,1,163,NA,30.583428999999999,-84.880913000000007,45054,FL: Gadsden Co.,Crooked Creek at Hwy S-270,female,30,32.1,46.659999999999997,NA,NA,,230441,03130011,0313001102,031300110203,17935.344548500001110,0.000000000000000, , ,Apalachicola River-Spring Branch,NM,S,031300110201,Lower Flat Creek-Apalachicola River,NM,S,FL01,FL,{9817EAB9-7729-46ED-B48E-72CD3BD88453},0.481553649742000,-449463
164,1,164,NA,30.426304999999999,-85.295137999999994,45054,FL: Calhoun Co.,Juniper Creek at Hwy 20,female,24.51,25.59,39.899999999999999,NA,NA,,230518,03130012,0313001205,031300120505,36414.688517800001136,0.000000000000000, , ,Tenmile Creek-Chipola River,NM,S,031300120504,Juniper Creek-Chipola River,NM,S,FL01,FL,{3717A947-394D-4E8A-8A03-05F6FB9CB61A},0.892268555881000,-449540
165,1,165,F-03,30.790854000000000,-86.792668000000006,no eclosion date,FL: Santa Rosa Co.,Holt Fish Hatchery Middle Creek; nymph collected 03/15/1973,female,23.9,25.23,37.869999999999997,6.57,NA,,174664,03140104,0314010402,031401040203,23052.565763899998274,0.000000000000000, , ,Blackwater River,NM,S,031401040204,Beaver Creek,NM,S,AL08,FL,{1D6645DB-C9DE-4C08-ACC5-A2055621DCD4},0.535525934021000,-448523
166,1,166,F-04,30.790854000000000,-86.792668000000006,no eclosion date,FL: Santa Rosa Co.,Holt Fish Hatchery Middle Creek; nymph collected 03/15/1973,male,24.74,26.47,41.180000000000000,6.77,NA,,174664,03140104,0314010402,031401040203,23052.565763899998274,0.000000000000000, , ,Blackwater River,NM,S,031401040204,Beaver Creek,NM,S,AL08,FL,{1D6645DB-C9DE-4C08-ACC5-A2055621DCD4},0.535525934021000,-448523
